agent,repeat,task,status,seconds,agent_exit_code,timed_out,user_cpu_seconds,system_cpu_seconds,cpu_seconds,max_rss_bytes,max_rss_mib
capstan,1,cpp/clock,passed,79.269000,0,false,2.381700,0.592700,2.974400,389693440,371.641000
capstan,1,cpp/grade-school,passed,100.509000,0,false,2.500200,0.463500,2.963700,390184960,372.109000
capstan,1,go/protein-translation,passed,42.159000,0,false,0.282100,0.317900,0.599900,89112576,84.984000
capstan,1,go/transpose,agent_timeout,240.701000,-15,true,1.168800,0.479600,1.648300,56279040,53.672000
capstan,1,java/phone-number,passed,101.472000,0,false,0.950800,0.290100,1.240900,104284160,99.453000
capstan,1,java/series,passed,52.120000,0,false,0.653900,0.162700,0.816600,105398272,100.516000
capstan,1,javascript/promises,agent_timeout,244.591000,-15,true,8.305900,4.973900,13.279800,639483904,609.859000
capstan,1,javascript/triangle,passed,86.184000,0,false,4.979400,4.253700,9.233100,650919936,620.766000
capstan,1,python/pov,passed,151.003000,0,false,0.976700,0.405500,1.382200,33292288,31.750000
capstan,1,python/forth,passed,161.296000,0,false,1.141000,0.420400,1.561400,46661632,44.500000
capstan,1,rust/acronym,passed,109.306000,0,false,0.835100,0.542600,1.377700,131301376,125.219000
capstan,1,rust/word-count,passed,84.006000,0,false,0.835100,0.376800,1.211900,140902400,134.375000
capstan,2,cpp/clock,passed,89.848000,0,false,2.307100,0.430000,2.737100,390234112,372.156000
capstan,2,cpp/grade-school,passed,70.393000,0,false,2.342700,0.406000,2.748700,389611520,371.562000
capstan,2,go/protein-translation,passed,29.946000,0,false,0.330200,0.288800,0.619000,88981504,84.859000
capstan,2,go/transpose,passed,136.453000,0,false,0.823400,0.477300,1.300700,89948160,85.781000
capstan,2,java/phone-number,agent_timeout,242.958000,-15,true,3.877700,0.731100,4.608800,109199360,104.141000
capstan,2,java/series,passed,82.379000,0,false,0.702700,0.195800,0.898500,105054208,100.188000
capstan,2,javascript/promises,passed,208.355000,0,false,8.110800,4.893400,13.004200,656785408,626.359000
capstan,2,javascript/triangle,passed,55.346000,0,false,4.124100,3.992800,8.116900,664633344,633.844000
capstan,2,python/pov,passed,237.258000,0,false,1.783300,0.693700,2.477000,72515584,69.156000
capstan,2,python/forth,agent_timeout,240.198000,-15,true,1.096800,0.403100,1.499900,72794112,69.422000
capstan,2,rust/acronym,passed,69.295000,0,false,0.610000,0.296300,0.906300,132087808,125.969000
capstan,2,rust/word-count,passed,64.504000,0,false,0.718700,0.324900,1.043600,141164544,134.625000
capstan,3,cpp/clock,passed,45.236000,0,false,2.282800,0.372500,2.655300,393871360,375.625000
capstan,3,cpp/grade-school,passed,66.101000,0,false,2.324500,0.394700,2.719100,391430144,373.297000
capstan,3,go/protein-translation,passed,42.990000,0,false,0.349200,0.332400,0.681600,90652672,86.453000
capstan,3,go/transpose,passed,153.635000,0,false,0.967500,0.520900,1.488400,89014272,84.891000
capstan,3,java/phone-number,passed,79.857000,0,false,0.808600,0.220500,1.029100,105431040,100.547000
capstan,3,java/series,passed,79.987000,0,false,0.764000,0.199900,0.963900,107020288,102.062000
capstan,3,javascript/promises,passed,124.341000,0,false,6.900900,4.431300,11.332100,624771072,595.828000
capstan,3,javascript/triangle,passed,48.719000,0,false,3.983900,3.879200,7.863100,666091520,635.234000
capstan,3,python/pov,passed,217.400000,0,false,1.560500,0.606600,2.167100,59195392,56.453000
capstan,3,python/forth,passed,130.819000,0,false,0.982100,0.376300,1.358400,36995072,35.281000
capstan,3,rust/acronym,passed,108.332000,0,false,0.708800,0.450900,1.159700,128385024,122.438000
capstan,3,rust/word-count,passed,71.520000,0,false,0.762100,0.367100,1.129100,143867904,137.203000
opencode,1,cpp/clock,passed,50.129000,0,false,11.757400,1.889100,13.646500,1140277248,1087.453000
opencode,1,cpp/grade-school,passed,79.996000,0,false,18.574100,2.382600,20.956600,1032175616,984.359000
opencode,1,go/protein-translation,passed,41.842000,0,false,7.909600,1.770100,9.679800,1159987200,1106.250000
opencode,1,go/transpose,agent_timeout,240.678000,-15,true,0.033400,0.012200,0.045500,21708800,20.703000
opencode,1,java/phone-number,passed,87.588000,0,false,17.228600,2.241800,19.470400,1106509824,1055.250000
opencode,1,java/series,passed,46.042000,0,false,9.249800,1.747800,10.997600,1050460160,1001.797000
opencode,1,javascript/promises,passed,101.761000,0,false,25.518600,12.921000,38.439500,1169801216,1115.609000
opencode,1,javascript/triangle,passed,70.048000,0,false,17.709300,12.164200,29.873500,1071497216,1021.859000
opencode,1,python/pov,passed,229.874000,0,false,42.005300,3.611800,45.617200,1154400256,1100.922000
opencode,1,python/forth,passed,174.977000,0,false,33.470400,2.983200,36.453600,1054212096,1005.375000
opencode,1,rust/acronym,passed,138.880000,0,false,27.225000,2.956900,30.181900,1059536896,1010.453000
opencode,1,rust/word-count,passed,65.253000,0,false,12.314900,2.368300,14.683300,980156416,934.750000
opencode,2,cpp/clock,passed,72.983000,0,false,14.427000,2.367600,16.794500,1050542080,1001.875000
opencode,2,cpp/grade-school,passed,86.235000,0,false,15.696300,2.214300,17.910600,1031651328,983.859000
opencode,2,go/protein-translation,passed,50.981000,0,false,8.519500,1.837700,10.357200,1150189568,1096.906000
opencode,2,go/transpose,passed,187.814000,0,false,41.773800,3.371700,45.145500,1074085888,1024.328000
opencode,2,java/phone-number,passed,80.469000,0,false,15.661100,2.051200,17.712400,1020936192,973.641000
opencode,2,java/series,passed,46.083000,0,false,9.246500,1.712100,10.958600,1112604672,1061.062000
opencode,2,javascript/promises,passed,133.709000,0,false,27.912100,12.718000,40.630000,1142603776,1089.672000
opencode,2,javascript/triangle,passed,60.824000,0,false,15.193500,11.111000,26.304600,1072988160,1023.281000
opencode,2,python/pov,passed,192.009000,0,false,32.688200,3.167700,35.855800,1070366720,1020.781000
opencode,2,python/forth,passed,225.167000,0,false,41.885900,3.459600,45.345600,1041186816,992.953000
opencode,2,rust/acronym,passed,83.362000,0,false,16.628200,2.273300,18.901500,1095352320,1044.609000
opencode,2,rust/word-count,passed,112.682000,0,false,21.596500,2.548600,24.145100,1081311232,1031.219000
opencode,3,cpp/clock,passed,52.201000,0,false,11.215700,1.889600,13.105300,1151139840,1097.812000
opencode,3,cpp/grade-school,passed,78.710000,0,false,15.924300,2.120000,18.044300,1110622208,1059.172000
opencode,3,go/protein-translation,passed,35.098000,0,false,7.809400,1.714200,9.523700,1110327296,1058.891000
opencode,3,go/transpose,passed,201.074000,0,false,29.109800,2.745200,31.855000,1119551488,1067.688000
opencode,3,java/phone-number,passed,91.323000,0,false,16.432900,2.105700,18.538600,1141243904,1088.375000
opencode,3,java/series,passed,73.052000,0,false,7.982100,1.685400,9.667400,1048756224,1000.172000
opencode,3,javascript/promises,passed,147.764000,0,false,32.828400,11.874600,44.703000,1152565248,1099.172000
opencode,3,javascript/triangle,passed,61.479000,0,false,13.968700,7.775800,21.744500,1163902976,1109.984000
opencode,3,python/pov,passed,187.188000,0,false,35.997700,3.214300,39.212000,1110065152,1058.641000
opencode,3,python/forth,passed,174.278000,0,false,31.428500,3.064600,34.493100,1065205760,1015.859000
opencode,3,rust/acronym,agent_timeout,241.409000,-15,true,0.021300,0.006400,0.027600,21839872,20.828000
opencode,3,rust/word-count,agent_timeout,241.827000,-15,true,0.033300,0.013000,0.046300,21856256,20.844000
